,query_id,tag,confidence
0,INEX_LD-20120111,ENTITY/Vietnam_War,1.0
1,INEX_LD-20120111,ENTITY/War_film,1.0
2,INEX_LD-20120112,ENTITY/Vietnam_War,1.0
3,INEX_LD-20120112,ENTITY/Fact,1.0
4,INEX_LD-20120121,ENTITY/Vietnam,1.0
5,INEX_LD-20120121,ENTITY/Food,1.0
6,INEX_LD-20120121,ENTITY/Recipe,1.0
7,INEX_LD-20120122,ENTITY/Vietnamese_cuisine,1.0
8,INEX_LD-20120122,ENTITY/Glossary_of_blogging,1.0
9,INEX_LD-20120122,ENTITY/Blog,1.0
10,INEX_LD-20120131,ENTITY/Vietnam,1.0
11,INEX_LD-20120131,ENTITY/Tourism,1.0
12,INEX_LD-20120131,ENTITY/National_park,1.0
13,INEX_LD-20120132,ENTITY/Vietnam,1.0
14,INEX_LD-20120132,ENTITY/Travel,1.0
15,INEX_LD-20120132,ENTITY/Airport,1.0
16,INEX_LD-20120211,ENTITY/Guitar_chord,1.0
17,INEX_LD-20120211,ENTITY/Musical_tuning,1.0
18,INEX_LD-20120212,ENTITY/Guitar_chord,1.0
19,INEX_LD-20120212,ENTITY/Minor_scale,1.0
20,INEX_LD-20120221,ENTITY/Guitar,1.0
21,INEX_LD-20120221,ENTITY/Classical_guitar,1.0
22,INEX_LD-20120221,ENTITY/Flamenco,1.0
23,INEX_LD-20120222,ENTITY/Guitar,1.0
24,INEX_LD-20120222,ENTITY/Classical_music,1.0
25,INEX_LD-20120222,ENTITY/Johann_Sebastian_Bach,1.0
26,INEX_LD-20120231,ENTITY/Guitar,1.0
27,INEX_LD-20120231,ENTITY/Origin_(band),1.0
28,INEX_LD-20120231,ENTITY/Russia,1.0
29,INEX_LD-20120232,ENTITY/Guitar,1.0
30,INEX_LD-20120232,ENTITY/Origin_Records,1.0
31,INEX_LD-20120232,ENTITY/Blues,1.0
32,INEX_LD-20120311,ENTITY/Tango,1.0
33,INEX_LD-20120311,ENTITY/Culture,1.0
34,INEX_LD-20120311,ENTITY/Film,1.0
35,INEX_LD-20120312,ENTITY/Tango_music,1.0
36,INEX_LD-20120312,ENTITY/Culture,1.0
37,INEX_LD-20120312,ENTITY/Nation,1.0
38,INEX_LD-20120321,ENTITY/Tango_music,1.0
39,INEX_LD-20120321,ENTITY/Music_of_Bengal,1.0
40,INEX_LD-20120322,ENTITY/Tango_music,1.0
41,INEX_LD-20120322,ENTITY/Musical_instrument,1.0
42,INEX_LD-20120331,ENTITY/Tango,1.0
43,INEX_LD-20120331,ENTITY/Tango,1.0
44,INEX_LD-20120331,ENTITY/Music_genre,1.0
45,INEX_LD-20120332,ENTITY/Tango,1.0
46,INEX_LD-20120332,ENTITY/Tango,1.0
47,INEX_LD-20120332,ENTITY/History_of_dance,1.0
48,INEX_LD-20120411,ENTITY/Bicycle,1.0
49,INEX_LD-20120411,ENTITY/Sport,1.0
50,INEX_LD-20120411,ENTITY/Racing,1.0
51,INEX_LD-20120412,ENTITY/Bicycle,1.0
52,INEX_LD-20120412,ENTITY/Sport,1.0
53,INEX_LD-20120412,ENTITY/Olympic_sports,1.0
54,INEX_LD-20120421,ENTITY/Bicycle,1.0
55,INEX_LD-20120421,ENTITY/Vacation,1.0
56,INEX_LD-20120421,ENTITY/New_England_town,1.0
57,INEX_LD-20120422,ENTITY/Bicycle,1.0
58,INEX_LD-20120422,ENTITY/Holiday,1.0
59,INEX_LD-20120422,ENTITY/Nature,1.0
60,INEX_LD-20120431,ENTITY/Bicycle,1.0
61,INEX_LD-20120431,ENTITY/Health,1.0
62,INEX_LD-20120431,ENTITY/Health,1.0
63,INEX_LD-20120432,ENTITY/Bicycle,1.0
64,INEX_LD-20120432,ENTITY/Health,1.0
65,INEX_LD-20120432,ENTITY/Environmental_policy,1.0
66,INEX_LD-20120511,ENTITY/Woman,1.0
67,INEX_LD-20120511,ENTITY/Rock_music,1.0
68,INEX_LD-20120511,ENTITY/Singing,1.0
69,INEX_LD-20120512,ENTITY/Koreans,1.0
70,INEX_LD-20120512,ENTITY/Girl_group,1.0
71,INEX_LD-20120521,ENTITY/Electronic_music,1.0
72,INEX_LD-20120521,ENTITY/Music_genre,1.0
73,INEX_LD-20120522,ENTITY/Digital_audio,1.0
74,INEX_LD-20120522,ENTITY/Scorewriter,1.0
75,INEX_LD-20120522,ENTITY/Audio_file_format,1.0
76,INEX_LD-20120531,ENTITY/Music,1.0
77,INEX_LD-20120531,ENTITY/Athletic_conference,1.0
78,INEX_LD-20120532,ENTITY/Intellectual_property,1.0
79,INEX_LD-20120532,ENTITY/Intellectual_property,1.0
80,INEX_LD-20120532,ENTITY/Lobbying,1.0
81,INEX_LD-2009022,ENTITY/Sichuan,1.0
82,INEX_LD-2009022,ENTITY/Dish_(food),1.0
83,INEX_LD-2009022,ENTITY/Food,1.0
84,INEX_LD-2009022,ENTITY/Cuisine,1.0
85,INEX_LD-2009039,ENTITY/Ancient_Roman_architecture,1.0
86,INEX_LD-2009053,ENTITY/Finland,1.0
87,INEX_LD-2009053,ENTITY/Automotive_industry,1.0
88,INEX_LD-2009053,ENTITY/Automotive_industry,1.0
89,INEX_LD-2009053,ENTITY/Saab_Automobile,1.0
90,INEX_LD-2009053,ENTITY/Sisu_Auto,1.0
91,INEX_LD-2009061,ENTITY/France,1.0
92,INEX_LD-2009061,ENTITY/World_War_II,1.0
93,INEX_LD-2009061,ENTITY/Normandy,1.0
94,INEX_LD-2009062,ENTITY/Social_network,1.0
95,INEX_LD-2009062,ENTITY/Group_selection,1.0
96,INEX_LD-2009063,ENTITY/Normandy_landings,1.0
97,INEX_LD-2009063,ENTITY/Operation_Overlord,1.0
98,INEX_LD-2009063,ENTITY/Invasion_of_Normandy,1.0
99,INEX_LD-2009074,ENTITY/PageRank,1.0
100,INEX_LD-2009074,ENTITY/Scoring_algorithm,1.0
101,INEX_LD-2009096,ENTITY/Eiffel_(programming_language),1.0
102,INEX_LD-2009111,ENTITY/Europe,1.0
103,INEX_LD-2009111,ENTITY/Solar_power,1.0
104,INEX_LD-2009115,ENTITY/Virtual_museum,1.0
105,INEX_LD-2010004,ENTITY/Indian_cuisine,1.0
106,INEX_LD-2010014,ENTITY/Composer,1.0
107,INEX_LD-2010014,ENTITY/Museum,1.0
108,INEX_LD-2010019,ENTITY/Gallo-Roman_culture,1.0
109,INEX_LD-2010019,ENTITY/Ancient_Roman_architecture,1.0
110,INEX_LD-2010019,ENTITY/Paris,1.0
111,INEX_LD-2010020,ENTITY/Electricity,1.0
112,INEX_LD-2010020,ENTITY/Field-effect_transistor,1.0
113,INEX_LD-2010020,ENTITY/French_poetry,1.0
114,INEX_LD-2010037,ENTITY/Social_network,1.0
115,INEX_LD-2010037,ENTITY/Application_programming_interface,1.0
116,INEX_LD-2010043,ENTITY/Film,1.0
117,INEX_LD-2010043,ENTITY/Surrealist_cinema,1.0
118,INEX_LD-2010043,ENTITY/Category_of_being,1.0
119,INEX_LD-2010057,ENTITY/Albert_Einstein,1.0
120,INEX_LD-2010057,ENTITY/Theory_of_relativity,1.0
121,INEX_LD-2010069,ENTITY/Summer,1.0
122,INEX_LD-2010069,ENTITY/Flower,1.0
123,INEX_LD-2010100,ENTITY/House,1.0
124,INEX_LD-2010100,ENTITY/Concrete,1.0
125,INEX_LD-2010100,ENTITY/Wood,1.0
126,INEX_LD-2010106,ENTITY/Organic_food,1.0
127,INEX_LD-2010106,ENTITY/Hydroelectricity,1.0
128,INEX_LD-2012301,ENTITY/Niagara_Falls,1.0
129,INEX_LD-2012301,ENTITY/Abiogenesis,1.0
130,INEX_LD-2012301,ENTITY/Lake,1.0
131,INEX_LD-2012303,ENTITY/Coccidioidomycosis,1.0
132,INEX_LD-2012303,ENTITY/Mycosis,1.0
133,INEX_LD-2012303,ENTITY/San_Joaquin_Valley,1.0
134,INEX_LD-2012305,ENTITY/North_Dakota,1.0
135,INEX_LD-2012305,ENTITY/River,1.0
136,INEX_LD-2012305,ENTITY/Human_skin_color,1.0
137,INEX_LD-2012307,ENTITY/President_of_the_United_States,1.0
138,INEX_LD-2012307,ENTITY/Millard_Fillmore,1.0
139,INEX_LD-2012307,ENTITY/Oath_of_office,1.0
140,INEX_LD-2012307,ENTITY/William_R._Day,1.0
141,INEX_LD-2012309,ENTITY/Resident_(title),1.0
142,INEX_LD-2012309,ENTITY/Small_Island_(film),1.0
143,INEX_LD-2012309,ENTITY/Island_City_(1994_film),1.0
144,INEX_LD-2012309,ENTITY/City-state,1.0
145,INEX_LD-2012309,ENTITY/Malay_Peninsula,1.0
146,INEX_LD-2012309,ENTITY/Chinese_people,1.0
147,INEX_LD-2012311,ENTITY/John_Lennon,1.0
148,INEX_LD-2012311,ENTITY/Yoko_Ono,1.0
149,INEX_LD-2012311,ENTITY/LP_record,1.0
150,INEX_LD-2012311,ENTITY/(Just_Like)_Starting_Over,1.0
151,INEX_LD-2012313,ENTITY/John_Turturro,1.0
152,INEX_LD-2012313,ENTITY/Coen_brothers,1.0
153,INEX_LD-2012313,ENTITY/Film_director,1.0
154,INEX_LD-2012315,ENTITY/Baguio,1.0
155,INEX_LD-2012315,ENTITY/Quezon_City,1.0
156,INEX_LD-2012315,ENTITY/Manila,1.0
157,INEX_LD-2012315,ENTITY/Official_language,1.0
158,INEX_LD-2012315,ENTITY/Independence,1.0
159,INEX_LD-2012317,ENTITY/Orbital_inclination,1.0
160,INEX_LD-2012317,ENTITY/Crime_Writers'_Association,1.0
161,INEX_LD-2012317,ENTITY/Novel,1.0
162,INEX_LD-2012317,ENTITY/Sons_and_Lovers,1.0
163,INEX_LD-2012318,ENTITY/Film_director,1.0
164,INEX_LD-2012318,ENTITY/Béla_I_of_Hungary,1.0
165,INEX_LD-2012318,ENTITY/Glen_or_Glenda,1.0
166,INEX_LD-2012318,ENTITY/Bride_of_Frankenstein_(character),1.0
167,INEX_LD-2012318,ENTITY/Monster_(2003_film),1.0
168,INEX_LD-2012318,ENTITY/Plan_9_from_Outer_Space,1.0
169,INEX_LD-2012319,ENTITY/Short_story,1.0
170,INEX_LD-2012319,ENTITY/Short_story,1.0
171,INEX_LD-2012319,ENTITY/Alice_Munro,1.0
172,INEX_LD-2012319,ENTITY/Coming_out,1.0
173,INEX_LD-2012321,ENTITY/Asian_people,1.0
174,INEX_LD-2012321,ENTITY/Port_State_Control,1.0
175,INEX_LD-2012321,ENTITY/City,1.0
176,INEX_LD-2012321,ENTITY/Stamford_Raffles,1.0
177,INEX_LD-2012321,ENTITY/Stamford_Raffles,1.0
178,INEX_LD-2012323,ENTITY/Glacier,1.0
179,INEX_LD-2012323,ENTITY/Island_country,1.0
180,INEX_LD-2012323,ENTITY/Langjökull,1.0
181,INEX_LD-2012323,ENTITY/Hofsjökull,1.0
182,INEX_LD-2012323,ENTITY/Vatnajökull,1.0
183,INEX_LD-2012325,ENTITY/Inheritance,1.0
184,INEX_LD-2012325,ENTITY/James_G._Blaine,1.0
185,INEX_LD-2012325,ENTITY/Law,1.0
186,INEX_LD-2012327,ENTITY/Beloved_(1998_film),1.0
187,INEX_LD-2012327,ENTITY/Author,1.0
188,INEX_LD-2012327,ENTITY/African_Americans,1.0
189,INEX_LD-2012327,ENTITY/Nobel_Prize_in_Literature,1.0
190,INEX_LD-2012329,ENTITY/Sweden,1.0
191,INEX_LD-2012329,ENTITY/Iceland,1.0
192,INEX_LD-2012329,ENTITY/Currency,1.0
193,INEX_LD-2012331,ENTITY/Seoul,1.0
194,INEX_LD-2012331,ENTITY/Korea,1.0
195,INEX_LD-2012331,ENTITY/River,1.0
196,INEX_LD-2012331,ENTITY/Hydronym,1.0
197,INEX_LD-2012331,ENTITY/Ethnic_group,1.0
198,INEX_LD-2012331,ENTITY/China,1.0
199,INEX_LD-2012333,ENTITY/Prime_Minister_of_Canada,1.0
200,INEX_LD-2012333,ENTITY/Prime_Minister_of_Canada,1.0
201,INEX_LD-2012333,ENTITY/Canada,1.0
202,INEX_LD-2012333,ENTITY/Nickname,1.0
203,INEX_LD-2012333,ENTITY/Silver,1.0
204,INEX_LD-2012333,ENTITY/Wilfrid_Laurier,1.0
205,INEX_LD-2012333,ENTITY/Unbroken_(film),1.0
206,INEX_LD-2012333,ENTITY/Term_of_office,1.0
207,INEX_LD-2012335,ENTITY/President_of_the_United_States,1.0
208,INEX_LD-2012335,ENTITY/Authorization,1.0
209,INEX_LD-2012335,ENTITY/Nuclear_weapon,1.0
210,INEX_LD-2012335,ENTITY/Empire_of_Japan,1.0
211,INEX_LD-2012336,ENTITY/Northern_Territory,1.0
212,INEX_LD-2012336,ENTITY/Papua_Island,1.0
213,INEX_LD-2012336,ENTITY/Australia,1.0
214,INEX_LD-2012337,"ENTITY/Texas_City,_Texas",1.0
215,INEX_LD-2012337,ENTITY/Baylor_University,1.0
216,INEX_LD-2012337,ENTITY/Tornado,1.0
217,INEX_LD-2012339,ENTITY/Nelson_Mandela,1.0
218,INEX_LD-2012339,ENTITY/John_Langalibalele_Dube,1.0
219,INEX_LD-2012341,ENTITY/Houston,1.0
220,INEX_LD-2012341,ENTITY/Airport,1.0
221,INEX_LD-2012341,ENTITY/President_of_the_United_States,1.0
222,INEX_LD-2012343,ENTITY/The_Heart_of_a_Woman,1.0
223,INEX_LD-2012343,ENTITY/Poetry,1.0
224,INEX_LD-2012343,ENTITY/Autobiography,1.0
225,INEX_LD-2012345,ENTITY/Assassination_of_John_F._Kennedy,1.0
226,INEX_LD-2012345,ENTITY/Governor_of_Texas,1.0
227,INEX_LD-2012347,ENTITY/County_seat,1.0
228,INEX_LD-2012347,ENTITY/Florida,1.0
229,INEX_LD-2012347,ENTITY/Venezuela,1.0
230,INEX_LD-2012347,"ENTITY/Miami-Dade_County,_Florida",1.0
231,INEX_LD-2012349,"ENTITY/Alexander_Nevsky_Cathedral,_Sofia",1.0
232,INEX_LD-2012349,ENTITY/Bulgarians,1.0
233,INEX_LD-2012349,ENTITY/City_of_London,1.0
234,INEX_LD-2012349,ENTITY/Liberation_of_Bulgaria,1.0
235,INEX_LD-2012349,ENTITY/Ottoman_Empire,1.0
236,INEX_LD-2012351,ENTITY/Indian_cuisine,1.0
237,INEX_LD-2012351,ENTITY/Dish_(food),1.0
238,INEX_LD-2012351,ENTITY/Rice,1.0
239,INEX_LD-2012351,ENTITY/Dal,1.0
240,INEX_LD-2012351,ENTITY/Vegetable,1.0
241,INEX_LD-2012351,ENTITY/Roti,1.0
242,INEX_LD-2012351,ENTITY/Papadum,1.0
243,INEX_LD-2012353,ENTITY/Nation_state,1.0
244,INEX_LD-2012353,ENTITY/German_language,1.0
245,INEX_LD-2012354,ENTITY/The_Greatest_(Cat_Power_album),1.0
246,INEX_LD-2012354,ENTITY/Guitar,1.0
247,INEX_LD-2012355,ENTITY/England_national_football_team,1.0
248,INEX_LD-2012355,ENTITY/Association_football,1.0
249,INEX_LD-2012355,ENTITY/Association_football,1.0
250,INEX_LD-2012357,ENTITY/Ballet_dancer,1.0
251,INEX_LD-2012357,ENTITY/Bolshoi_Theatre,1.0
252,INEX_LD-2012359,ENTITY/Bob_Ricker,1.0
253,INEX_LD-2012359,ENTITY/Board_of_directors,1.0
254,INEX_LD-2012359,ENTITY/Front_organization,1.0
255,INEX_LD-2012359,ENTITY/Gun_politics_in_the_United_States,1.0
256,INEX_LD-2012361,ENTITY/ARIA_Music_Awards,1.0
257,INEX_LD-2012361,ENTITY/Actor,1.0
258,INEX_LD-2012361,ENTITY/Singing,1.0
259,INEX_LD-2012363,ENTITY/United_States,1.0
260,INEX_LD-2012363,ENTITY/Minnesota_Twins,1.0
261,INEX_LD-2012363,ENTITY/Professional_sports,1.0
262,INEX_LD-2012363,ENTITY/Tennis,1.0
263,INEX_LD-2012363,ENTITY/Minor_League_Baseball,1.0
264,INEX_LD-2012363,ENTITY/Baseball,1.0
265,INEX_LD-2012365,ENTITY/Mathematician,1.0
266,INEX_LD-2012365,ENTITY/Computer_scientist,1.0
267,INEX_LD-2012365,ENTITY/Massachusetts_Institute_of_Technology,1.0
268,INEX_LD-2012365,ENTITY/Inauguration,1.0
269,INEX_LD-2012365,ENTITY/Margaret_MacVicar,1.0
270,INEX_LD-2012365,ENTITY/Professor,1.0
271,INEX_LD-2012365,ENTITY/Fellow,1.0
272,INEX_LD-2012367,ENTITY/Invention,1.0
273,INEX_LD-2012367,ENTITY/Telescope,1.0
274,INEX_LD-2012369,ENTITY/Civil_society,1.0
275,INEX_LD-2012369,ENTITY/Military_aviation,1.0
276,INEX_LD-2012369,ENTITY/Airport,1.0
277,INEX_LD-2012371,ENTITY/The_Most_Beautiful,1.0
278,INEX_LD-2012371,ENTITY/Beauty,1.0
279,INEX_LD-2012371,ENTITY/Rail_transport,1.0
280,INEX_LD-2012371,ENTITY/Train_station,1.0
281,INEX_LD-2012371,ENTITY/World,1.0
282,INEX_LD-2012371,ENTITY/City_status_in_the_United_Kingdom,1.0
283,INEX_LD-2012372,ENTITY/History,1.0
284,INEX_LD-2012372,ENTITY/In_the_Battlefields,1.0
285,INEX_LD-2012373,ENTITY/Bird,1.0
286,INEX_LD-2012373,ENTITY/Fly,1.0
287,INEX_LD-2012375,ENTITY/Animal,1.0
288,INEX_LD-2012375,ENTITY/George_Tradescant_Lay,1.0
289,INEX_LD-2012375,ENTITY/Egg,1.0
290,INEX_LD-2012375,ENTITY/Mammal,1.0
291,INEX_LD-2012377,ENTITY/World_War_I,1.0
292,INEX_LD-2012381,ENTITY/Film_director,1.0
293,INEX_LD-2012381,ENTITY/Film_director,1.0
294,INEX_LD-2012381,ENTITY/Block_Buster!,1.0
295,INEX_LD-2012383,ENTITY/Computer_science,1.0
296,INEX_LD-2012383,ENTITY/1956_Atlantic_R6D-1_disappearance,1.0
297,INEX_LD-2012383,ENTITY/Maritime_transport,1.0
298,INEX_LD-2012385,ENTITY/Politics,1.0
299,INEX_LD-2012385,ENTITY/Vegetarianism,1.0
300,INEX_LD-2012387,ENTITY/River,1.0
301,INEX_LD-2012387,ENTITY/Myitsone_Dam,1.0
302,INEX_LD-2012389,ENTITY/Shark,1.0
303,INEX_LD-2012389,ENTITY/Gulf_of_Mexico,1.0
304,INEX_LD-2012389,ENTITY/Indian_Ocean,1.0
305,INEX_LD-2012390,ENTITY/Baseball,1.0
306,INEX_LD-2012390,ENTITY/Baseball,1.0
307,INEX_LD-2012390,ENTITY/Home_run,1.0
308,INEX_LD-2012390,ENTITY/National_League,1.0
309,INEX_XER-60,ENTITY/Sailing_at_the_Summer_Olympics,1.0
310,INEX_XER-60,ENTITY/Dinghy_sailing,1.0
311,INEX_XER-62,ENTITY/Neil_Gaiman,1.0
312,INEX_XER-62,ENTITY/David_S._Goyer,1.0
313,INEX_XER-63,ENTITY/Hugo_Award,1.0
314,INEX_XER-63,ENTITY/Charles_Best_(medical_scientist),1.0
315,INEX_XER-63,ENTITY/David_S._Goyer,1.0
316,INEX_XER-64,ENTITY/Alan_Moore,1.0
317,INEX_XER-64,ENTITY/Graphic_novel,1.0
318,INEX_XER-64,ENTITY/Film_adaptation,1.0
319,INEX_XER-64,ENTITY/Film,1.0
320,INEX_XER-65,ENTITY/Pacific_Ocean,1.0
321,INEX_XER-65,ENTITY/Navigator,1.0
322,INEX_XER-65,ENTITY/Australia,1.0
323,INEX_XER-65,ENTITY/Exploration,1.0
324,INEX_XER-67,"ENTITY/Ferris,_Texas",1.0
325,INEX_XER-67,ENTITY/Ferris_wheel,1.0
326,INEX_XER-72,ENTITY/Cinema_of_Bangladesh,1.0
327,INEX_XER-72,ENTITY/Cinematography,1.0
328,INEX_XER-72,ENTITY/Venice_Film_Festival,1.0
329,INEX_XER-73,ENTITY/Magazine,1.0
330,INEX_XER-73,ENTITY/Independent_music,1.0
331,INEX_XER-74,ENTITY/Circus,1.0
332,INEX_XER-74,ENTITY/Mammal,1.0
333,INEX_XER-79,ENTITY/Iannis_Xenakis,1.0
334,INEX_XER-79,ENTITY/Charles_Rennie_Mackintosh,1.0
335,INEX_XER-81,ENTITY/Film,1.0
336,INEX_XER-81,ENTITY/English_language,1.0
337,INEX_XER-81,ENTITY/Hooliganism,1.0
338,INEX_XER-86,ENTITY/Angle_of_list,1.0
339,INEX_XER-86,ENTITY/Nation,1.0
340,INEX_XER-86,ENTITY/World_War_II,1.0
341,INEX_XER-87,ENTITY/Axis_powers,1.0
342,INEX_XER-88,ENTITY/Norse_mythology,1.0
343,INEX_XER-88,ENTITY/Author,1.0
344,INEX_XER-88,ENTITY/Children's_literature,1.0
345,INEX_XER-91,ENTITY/Paul_Auster,1.0
346,INEX_XER-91,ENTITY/Novel,1.0
347,INEX_XER-94,ENTITY/Hybrid_vehicle,1.0
348,INEX_XER-94,ENTITY/Europe,1.0
349,INEX_XER-95,ENTITY/Tom_Hanks,1.0
350,INEX_XER-95,ENTITY/Film,1.0
351,INEX_XER-95,ENTITY/Theatre,1.0
352,INEX_XER-95,ENTITY/Leading_actor,1.0
353,INEX_XER-96,ENTITY/Purely_functional,1.0
354,INEX_XER-96,ENTITY/Object-oriented_programming,1.0
355,INEX_XER-96,ENTITY/Programming_language,1.0
356,INEX_XER-97,ENTITY/Compiler,1.0
357,INEX_XER-97,ENTITY/CAN_bus,1.0
358,INEX_XER-98,ENTITY/From_the_Makers_of...,1.0
359,INEX_XER-98,ENTITY/Tennis,1.0
360,INEX_XER-98,ENTITY/Tennis,1.0
361,INEX_XER-98,ENTITY/Racket_(sports_equipment),1.0
362,INEX_XER-99,ENTITY/Computer,1.0
363,INEX_XER-99,ENTITY/Computer,1.0
364,INEX_XER-99,ENTITY/Recursive_acronym,1.0
365,INEX_XER-99,ENTITY/Filename,1.0
366,INEX_XER-100,ENTITY/Operating_system,1.0
367,INEX_XER-100,ENTITY/Steve_Jobs,1.0
368,INEX_XER-106,ENTITY/Nobility,1.0
369,INEX_XER-106,ENTITY/English_people,1.0
370,INEX_XER-106,ENTITY/English_people,1.0
371,INEX_XER-106,ENTITY/Hundred_Years'_War,1.0
372,INEX_XER-108,ENTITY/Washington_Capitals,1.0
373,INEX_XER-108,ENTITY/United_States,1.0
374,INEX_XER-109,ENTITY/National_Register_of_Historic_Places,1.0
375,INEX_XER-109,ENTITY/Capital_(architecture),1.0
376,INEX_XER-109,ENTITY/Aegean_Islands,1.0
377,INEX_XER-110,ENTITY/Nobel_Prize_in_Literature,1.0
378,INEX_XER-110,ENTITY/Academy_Award_for_Best_Original_Song,1.0
379,INEX_XER-110,ENTITY/Poetry,1.0
380,INEX_XER-113,ENTITY/Formula_One,1.0
381,INEX_XER-113,ENTITY/Auto_racing,1.0
382,INEX_XER-113,ENTITY/2014_FIFA_Club_World_Cup,1.0
383,INEX_XER-113,ENTITY/Monaco_Grand_Prix,1.0
384,INEX_XER-114,ENTITY/Formula_One,1.0
385,INEX_XER-114,ENTITY/Auto_racing,1.0
386,INEX_XER-114,ENTITY/Europe,1.0
387,INEX_XER-115,ENTITY/Formula_One,1.0
388,INEX_XER-115,ENTITY/John_Tesh,1.0
389,INEX_XER-115,ENTITY/Formula_One,1.0
390,INEX_XER-115,ENTITY/Champion,1.0
391,INEX_XER-116,ENTITY/Italians,1.0
392,INEX_XER-116,ENTITY/Nobel_Prize,1.0
393,INEX_XER-116,ENTITY/Prize_Winners,1.0
394,INEX_XER-116,ENTITY/SASTRA_Ramanujan_Prize,1.0
395,INEX_XER-117,ENTITY/Musician,1.0
396,INEX_XER-117,ENTITY/The_Blues_Brothers,1.0
397,INEX_XER-117,ENTITY/Film,1.0
398,INEX_XER-118,ENTITY/France,1.0
399,INEX_XER-118,"ENTITY/Tesla,_Inc.",1.0
400,INEX_XER-118,ENTITY/Timeline_of_United_States_history,1.0
401,INEX_XER-119,ENTITY/Switzerland,1.0
402,INEX_XER-119,ENTITY/Canton_(country_subdivision),1.0
403,INEX_XER-119,ENTITY/Speech,1.0
404,INEX_XER-119,ENTITY/Germany,1.0
405,INEX_XER-121,ENTITY/President_of_the_United_States,1.0
406,INEX_XER-122,ENTITY/Film,1.0
407,INEX_XER-122,ENTITY/Eight_(1998_film),1.0
408,INEX_XER-122,ENTITY/Academy_Awards,1.0
409,INEX_XER-123,ENTITY/FIFA_World_Cup,1.0
410,INEX_XER-123,ENTITY/United_States_men's_national_soccer_team,1.0
411,INEX_XER-123,ENTITY/Champion,1.0
412,INEX_XER-124,ENTITY/Novel,1.0
413,INEX_XER-124,ENTITY/South_Korean_won,1.0
414,INEX_XER-124,ENTITY/Booker_Prize,1.0
415,INEX_XER-125,ENTITY/2014_FIFA_Club_World_Cup,1.0
416,INEX_XER-125,ENTITY/FIFA_World_Cup,1.0
417,INEX_XER-126,ENTITY/Toy_train,1.0
418,INEX_XER-126,ENTITY/Manufacturing,1.0
419,INEX_XER-126,ENTITY/Photography,1.0
420,INEX_XER-126,ENTITY/Business,1.0
421,INEX_XER-127,ENTITY/Germans,1.0
422,INEX_XER-127,ENTITY/Women_in_government,1.0
423,INEX_XER-128,ENTITY/James_Bond,1.0
424,INEX_XER-128,ENTITY/Single-sex_education,1.0
425,INEX_XER-129,ENTITY/Science_fiction,1.0
426,INEX_XER-129,ENTITY/Book,1.0
427,INEX_XER-129,ENTITY/Writing,1.0
428,INEX_XER-130,ENTITY/Star_Trek,1.0
429,INEX_XER-130,ENTITY/The_Captains_(film),1.0
430,INEX_XER-132,ENTITY/Sky_Witness,1.0
431,INEX_XER-132,ENTITY/Nordic_countries,1.0
432,INEX_XER-132,ENTITY/Classical_music,1.0
433,INEX_XER-132,ENTITY/Composer,1.0
434,INEX_XER-133,ENTITY/European_Union,1.0
435,INEX_XER-133,ENTITY/Nation,1.0
436,INEX_XER-134,ENTITY/Guinness_World_Records,1.0
437,INEX_XER-134,ENTITY/Sprint_(running),1.0
438,INEX_XER-134,ENTITY/Man,1.0
439,INEX_XER-134,ENTITY/100_metres,1.0
440,INEX_XER-134,ENTITY/Sprint_(running),1.0
441,INEX_XER-135,ENTITY/Professional_baseball,1.0
442,INEX_XER-135,ENTITY/Baseball,1.0
443,INEX_XER-135,ENTITY/Japan_national_football_team,1.0
444,INEX_XER-136,ENTITY/Japanese_people,1.0
445,INEX_XER-136,ENTITY/Baseball,1.0
446,INEX_XER-136,ENTITY/Women's_major_golf_championships,1.0
447,INEX_XER-136,ENTITY/A-League_(1995–2004),1.0
448,INEX_XER-136,ENTITY/Baseball,1.0
449,INEX_XER-138,ENTITY/National_Parks_of_Canada,1.0
450,INEX_XER-138,ENTITY/East_Coast_of_the_United_States,1.0
451,INEX_XER-138,ENTITY/Canada,1.0
452,INEX_XER-138,ENTITY/United_States_dollar,1.0
453,INEX_XER-139,ENTITY/Film,1.0
454,INEX_XER-139,ENTITY/Film_director,1.0
455,INEX_XER-139,ENTITY/Akira_Kurosawa,1.0
456,INEX_XER-140,ENTITY/Airport,1.0
457,INEX_XER-140,ENTITY/Nazi_Germany,1.0
458,INEX_XER-141,ENTITY/Medieval_university,1.0
459,INEX_XER-141,ENTITY/Catalonia,1.0
460,INEX_XER-143,ENTITY/Hanseatic_League,1.0
461,INEX_XER-143,ENTITY/Germany,1.0
462,INEX_XER-143,ENTITY/Netherlands,1.0
463,INEX_XER-143,ENTITY/Circle_(country_subdivision),1.0
464,INEX_XER-144,ENTITY/Chess,1.0
465,INEX_XER-144,ENTITY/World_Chess_Championship,1.0
466,INEX_XER-147,ENTITY/Chemical_element,1.0
467,INEX_XER-147,ENTITY/People_(magazine),1.0
468,QALD2_te-1,ENTITY/Germans,1.0
469,QALD2_te-1,ENTITY/Polis,1.0
470,QALD2_te-1,ENTITY/Demonym,1.0
471,QALD2_te-2,ENTITY/Succession_of_states,1.0
472,QALD2_te-2,ENTITY/John_F._Kennedy,1.0
473,QALD2_te-3,ENTITY/Governing_Mayor_of_Berlin,1.0
474,QALD2_te-3,ENTITY/Berlin,1.0
475,QALD2_te-5,ENTITY/Minute_and_second_of_arc,1.0
476,QALD2_te-5,ENTITY/Mountain,1.0
477,QALD2_te-5,ENTITY/Earth,1.0
478,QALD2_te-6,ENTITY/Professional,1.0
479,QALD2_te-6,ENTITY/Skateboarding,1.0
480,QALD2_te-6,ENTITY/Sweden_men's_national_ice_hockey_team,1.0
481,QALD2_te-8,ENTITY/Nation,1.0
482,QALD2_te-8,ENTITY/Himalayas,1.0
483,QALD2_te-8,ENTITY/Himalayas,1.0
484,QALD2_te-8,ENTITY/Mountain,1.0
485,QALD2_te-8,ENTITY/Mountain_range,1.0
486,QALD2_te-9,ENTITY/A-list,1.0
487,QALD2_te-9,ENTITY/A-list,1.0
488,QALD2_te-9,ENTITY/Trumpet,1.0
489,QALD2_te-9,ENTITY/Gentlemen_v_Players,1.0
490,QALD2_te-9,ENTITY/Bandleader,1.0
491,QALD2_te-11,ENTITY/Formula_One,1.0
492,QALD2_te-11,ENTITY/2012_Bahrain_Grand_Prix,1.0
493,QALD2_te-11,ENTITY/Auto_racing,1.0
494,QALD2_te-11,ENTITY/Auto_racing,1.0
495,QALD2_te-12,ENTITY/All-World,1.0
496,QALD2_te-12,ENTITY/World_Heritage_Site,1.0
497,QALD2_te-12,ENTITY/Cultural_Property_(Japan),1.0
498,QALD2_te-12,ENTITY/Time_travel,1.0
499,QALD2_te-12,ENTITY/Channel_5_(UK),1.0
500,QALD2_te-13,ENTITY/Youngest_son,1.0
501,QALD2_te-13,ENTITY/Athlete,1.0
502,QALD2_te-13,ENTITY/Premier_League,1.0
503,QALD2_te-14,ENTITY/The_Members,1.0
504,QALD2_te-14,ENTITY/The_Prodigy,1.0
505,QALD2_te-15,ENTITY/River,1.0
506,QALD2_te-17,ENTITY/The_Cars,1.0
507,QALD2_te-17,ENTITY/Record_producer,1.0
508,QALD2_te-17,ENTITY/German_Empire,1.0
509,QALD2_te-19,ENTITY/People,1.0
510,QALD2_te-19,ENTITY/Vienna,1.0
511,QALD2_te-19,ENTITY/Berlin,1.0
512,QALD2_te-21,ENTITY/Madrid,1.0
513,QALD2_te-21,ENTITY/Canada,1.0
514,QALD2_te-22,ENTITY/Governor_of_Texas,1.0
515,QALD2_te-24,ENTITY/God_the_Father,1.0
516,QALD2_te-24,ENTITY/Elizabeth_II,1.0
517,QALD2_te-25,ENTITY/U.S._state,1.0
518,QALD2_te-25,ENTITY/Admission_to_the_Union,1.0
519,QALD2_te-27,ENTITY/Sean_Parnell,1.0
520,QALD2_te-27,ENTITY/Governor_of_California,1.0
521,QALD2_te-27,ENTITY/U.S._state,1.0
522,QALD2_te-28,ENTITY/Feature_film,1.0
523,QALD2_te-28,ENTITY/Film_director,1.0
524,QALD2_te-28,ENTITY/Francis_Ford_Coppola,1.0
525,QALD2_te-29,ENTITY/Actor,1.0
526,QALD2_te-29,ENTITY/Film,1.0
527,QALD2_te-29,ENTITY/Film_director,1.0
528,QALD2_te-29,ENTITY/William_Shatner,1.0
529,QALD2_te-31,ENTITY/Ampere,1.0
530,QALD2_te-31,ENTITY/Methodism,1.0
531,QALD2_te-31,ENTITY/Nation,1.0
532,QALD2_te-31,ENTITY/Leadership,1.0
533,QALD2_te-33,ENTITY/All-Australian_team,1.0
534,QALD2_te-33,ENTITY/Nonprofit_organization,1.0
535,QALD2_te-33,ENTITY/Nonprofit_organization,1.0
536,QALD2_te-34,ENTITY/Military,1.0
537,QALD2_te-34,ENTITY/War,1.0
538,QALD2_te-34,ENTITY/T._E._Lawrence,1.0
539,QALD2_te-35,ENTITY/Software_development,1.0
540,QALD2_te-35,ENTITY/Skype,1.0
541,QALD2_te-39,ENTITY/Company_(military_unit),1.0
542,QALD2_te-39,ENTITY/Ludwig_Maximilian_University_of_Munich,1.0
543,QALD2_te-40,ENTITY/Angle_of_list,1.0
544,QALD2_te-40,ENTITY/Board_game,1.0
545,QALD2_te-40,ENTITY/Greenwich_Mean_Time,1.0
546,QALD2_te-41,ENTITY/Intel,1.0
547,QALD2_te-42,ENTITY/Marriage,1.0
548,QALD2_te-42,ENTITY/Amanda_Palmer,1.0
549,QALD2_te-43,ENTITY/Dog_breed,1.0
550,QALD2_te-43,ENTITY/German_Shepherd,1.0
551,QALD2_te-44,ENTITY/Civitas,1.0
552,QALD2_te-44,ENTITY/Weser,1.0
553,QALD2_te-44,ENTITY/Streamflow,1.0
554,QALD2_te-45,ENTITY/Nation,1.0
555,QALD2_te-45,ENTITY/Connected_space,1.0
556,QALD2_te-45,ENTITY/Rhine,1.0
557,QALD2_te-46,ENTITY/Professional_boxing,1.0
558,QALD2_te-46,ENTITY/Surfing,1.0
559,QALD2_te-46,ENTITY/Philippines,1.0
560,QALD2_te-48,ENTITY/United_Kingdom,1.0
561,QALD2_te-48,ENTITY/City_of_London,1.0
562,QALD2_te-48,ENTITY/Headquarters,1.0
563,QALD2_te-48,ENTITY/Secret_Intelligence_Service,1.0
564,QALD2_te-49,ENTITY/Weapon,1.0
565,QALD2_te-49,ENTITY/Video_game_design,1.0
566,QALD2_te-49,ENTITY/Uzi,1.0
567,QALD2_te-49,ENTITY/Economic_development,1.0
568,QALD2_te-51,ENTITY/Frisian_Islands,1.0
569,QALD2_te-51,ENTITY/Breathe_In._Breathe_Out.,1.0
570,QALD2_te-51,ENTITY/Netherlands,1.0
571,QALD2_te-53,ENTITY/African_National_Congress,1.0
572,QALD2_te-53,ENTITY/Lisbon,1.0
573,QALD2_te-55,ENTITY/Greek_mythology,1.0
574,QALD2_te-55,ENTITY/Greek_mythology,1.0
575,QALD2_te-55,ENTITY/Mount_Olympus,1.0
576,QALD2_te-57,ENTITY/Apollo_14,1.0
577,QALD2_te-57,ENTITY/Astronaut,1.0
578,QALD2_te-58,ENTITY/Time_zone,1.0
579,QALD2_te-58,ENTITY/Bidhannagar,1.0
580,QALD2_te-59,ENTITY/U.S._state,1.0
581,QALD2_te-59,ENTITY/Time_zone,1.0
582,QALD2_te-59,ENTITY/Utah,1.0
583,QALD2_te-60,ENTITY/Conservative_A-List,1.0
584,QALD2_te-60,ENTITY/A-list,1.0
585,QALD2_te-60,"ENTITY/The_Lakes,_Copenhagen",1.0
586,QALD2_te-60,ENTITY/Denmark_national_cricket_team,1.0
587,QALD2_te-63,ENTITY/Cinema_of_Argentina,1.0
588,QALD2_te-63,ENTITY/Cinema_of_Argentina,1.0
589,QALD2_te-64,ENTITY/Rocket_launch,1.0
590,QALD2_te-64,ENTITY/Sanitary_napkin,1.0
591,QALD2_te-64,ENTITY/NASA,1.0
592,QALD2_te-65,ENTITY/Musical_instrument,1.0
593,QALD2_te-65,ENTITY/John_Lennon,1.0
594,QALD2_te-65,ENTITY/Word_play,1.0
595,QALD2_te-66,ENTITY/Sailing_ship,1.0
596,QALD2_te-66,ENTITY/Benjamin_Franklin,1.0
597,QALD2_te-67,ENTITY/Parent,1.0
598,QALD2_te-67,ENTITY/Same-sex_marriage_in_the_United_Kingdom,1.0
599,QALD2_te-67,ENTITY/Juan_Carlos_I_of_Spain,1.0
600,QALD2_te-72,ENTITY/U.S._state,1.0
601,QALD2_te-72,ENTITY/Tonopah_Test_Range,1.0
602,QALD2_te-75,ENTITY/Daughters_(film),1.0
603,QALD2_te-75,ENTITY/United_Kingdom,1.0
604,QALD2_te-75,ENTITY/Earl,1.0
605,QALD2_te-75,ENTITY/Same_Place,1.0
606,QALD2_te-76,ENTITY/Conservative_A-List,1.0
607,QALD2_te-76,ENTITY/Angelina_Jolie,1.0
608,QALD2_te-76,ENTITY/Margaret_Thatcher,1.0
609,QALD2_te-77,ENTITY/Scarface_(1983_film),1.0
610,QALD2_te-80,ENTITY/Book,1.0
611,QALD2_te-80,ENTITY/William_Goldman,1.0
612,QALD2_te-80,ENTITY/Pages_(word_processor),1.0
613,QALD2_te-81,ENTITY/Book,1.0
614,QALD2_te-81,ENTITY/Jack_Kerouac,1.0
615,QALD2_te-81,ENTITY/Publishing,1.0
616,QALD2_te-81,ENTITY/Viking_Press,1.0
617,QALD2_te-82,ENTITY/Film_festival,1.0
618,QALD2_te-82,ENTITY/A-list,1.0
619,QALD2_te-82,ENTITY/All-America,1.0
620,QALD2_te-82,ENTITY/Archimedes,1.0
621,QALD2_te-84,ENTITY/Comic_book,1.0
622,QALD2_te-84,ENTITY/Captain_America,1.0
623,QALD2_te-86,ENTITY/Melbourne_City_Centre,1.0
624,QALD2_te-86,ENTITY/Australia,1.0
625,QALD2_te-87,ENTITY/Musical_composition,1.0
626,QALD2_te-87,ENTITY/Music,1.0
627,QALD2_te-87,ENTITY/Harold_and_Maude,1.0
628,QALD2_te-88,ENTITY/Harry_Potter_(film_series),1.0
629,QALD2_te-88,ENTITY/Clint_Eastwood,1.0
630,QALD2_te-88,ENTITY/Film_director,1.0
631,QALD2_te-89,ENTITY/City_of_London,1.0
632,QALD2_te-89,ENTITY/Dutch_language,1.0
633,QALD2_te-89,ENTITY/Monarchy_of_the_Netherlands,1.0
634,QALD2_te-89,ENTITY/Juliana_of_the_Netherlands,1.0
635,QALD2_te-89,ENTITY/Funeral,1.0
636,QALD2_te-90,ENTITY/Diplomatic_mission,1.0
637,QALD2_te-90,ENTITY/Prime_minister,1.0
638,QALD2_te-91,ENTITY/U.S._state,1.0
639,QALD2_te-91,ENTITY/Abbreviation,1.0
640,QALD2_te-91,ENTITY/Minnesota,1.0
641,QALD2_te-92,ENTITY/Song,1.0
642,QALD2_te-92,ENTITY/Bruce_Springsteen,1.0
643,QALD2_te-93,ENTITY/Feature_film,1.0
644,QALD2_te-93,ENTITY/Sam_Raimi,1.0
645,QALD2_te-93,ENTITY/Film_director,1.0
646,QALD2_te-93,ENTITY/Army_of_Darkness,1.0
647,QALD2_te-95,ENTITY/Lyrics,1.0
648,QALD2_te-95,ENTITY/Poland_Is_Not_Yet_Lost,1.0
649,QALD2_te-97,ENTITY/Painting,1.0
650,QALD2_te-97,ENTITY/The_Storm_on_the_Sea_of_Galilee,1.0
651,QALD2_te-98,ENTITY/Nation_state,1.0
652,QALD2_te-98,ENTITY/Creator_(album),1.0
653,QALD2_te-98,ENTITY/Miffy,1.0
654,QALD2_te-98,ENTITY/Come_On_In_(You_Did_the_Best_You_Could_Do),1.0
655,QALD2_te-99,ENTITY/Record_label,1.0
656,QALD2_te-99,ENTITY/Elvis_Presley,1.0
657,QALD2_te-99,ENTITY/Record_label,1.0
658,QALD2_te-99,ENTITY/Led_Zeppelin_(album),1.0
659,QALD2_te-99,ENTITY/Album,1.0
660,QALD2_te-100,ENTITY/Orangina,1.0
661,QALD2_tr-1,ENTITY/Girl_group,1.0
662,QALD2_tr-1,ENTITY/Russians,1.0
663,QALD2_tr-1,ENTITY/Astronaut,1.0
664,QALD2_tr-3,ENTITY/Daughter,1.0
665,QALD2_tr-3,ENTITY/Bill_Clinton,1.0
666,QALD2_tr-3,ENTITY/Same-sex_marriage,1.0
667,QALD2_tr-4,ENTITY/River,1.0
668,QALD2_tr-4,ENTITY/Brooklyn_Bridge,1.0
669,QALD2_tr-4,"ENTITY/Cross_County,_Arkansas",1.0
670,QALD2_tr-6,ENTITY/Abraham_Lincoln,1.0
671,QALD2_tr-6,ENTITY/Coining_(mint),1.0
672,QALD2_tr-8,ENTITY/Member_state_of_the_European_Union,1.0
673,QALD2_tr-8,ENTITY/Germany,1.0
674,QALD2_tr-8,ENTITY/Government,1.0
675,QALD2_tr-8,ENTITY/Social_Democratic_Party_of_Germany,1.0
676,QALD2_tr-9,ENTITY/U.S._state,1.0
677,QALD2_tr-9,ENTITY/Possession_(law),1.0
678,QALD2_tr-9,ENTITY/Gold,1.0
679,QALD2_tr-9,ENTITY/Mineral,1.0
680,QALD2_tr-10,ENTITY/In_Country_(album),1.0
681,QALD2_tr-10,ENTITY/In_Country,1.0
682,QALD2_tr-10,ENTITY/Nile,1.0
683,QALD2_tr-10,"ENTITY/Start,_Louisiana",1.0
684,QALD2_tr-11,ENTITY/Nation,1.0
685,QALD2_tr-11,ENTITY/Caving,1.0
686,QALD2_tr-13,ENTITY/Class_(biology),1.0
687,QALD2_tr-13,ENTITY/Millipede,1.0
688,QALD2_tr-13,ENTITY/Belong_(band),1.0
689,QALD2_tr-15,ENTITY/Goofy,1.0
690,QALD2_tr-16,ENTITY/Capital_city,1.0
691,QALD2_tr-16,ENTITY/Nation,1.0
692,QALD2_tr-16,ENTITY/Africa_(Roman_province),1.0
693,QALD2_tr-17,ENTITY/Administrative_divisions_of_New_York_(state),1.0
694,QALD2_tr-17,ENTITY/New_Jersey,1.0
695,QALD2_tr-17,ENTITY/Residency_(domicile),1.0
696,QALD2_tr-18,ENTITY/Museum,1.0
697,QALD2_tr-18,ENTITY/Museum,1.0
698,QALD2_tr-18,ENTITY/The_Scream,1.0
699,QALD2_tr-18,ENTITY/Edvard_Munch,1.0
700,QALD2_tr-21,ENTITY/U.S._state,1.0
701,QALD2_tr-21,ENTITY/Mexico–United_States_border,1.0
702,QALD2_tr-21,ENTITY/Illinois,1.0
703,QALD2_tr-22,ENTITY/In_Country_(album),1.0
704,QALD2_tr-22,ENTITY/In_Country,1.0
705,QALD2_tr-22,ENTITY/Limerick_Lake,1.0
706,QALD2_tr-23,ENTITY/Television_show,1.0
707,QALD2_tr-23,ENTITY/Television,1.0
708,QALD2_tr-23,ENTITY/The_Walt_Disney_Company,1.0
709,QALD2_tr-24,ENTITY/Mountain,1.0
710,QALD2_tr-24,ENTITY/Annapurna,1.0
711,QALD2_tr-25,ENTITY/Film,1.0
712,QALD2_tr-25,ENTITY/Film_director,1.0
713,QALD2_tr-25,ENTITY/Garry_Marshall,1.0
714,QALD2_tr-25,ENTITY/Julia_Roberts,1.0
715,QALD2_tr-26,ENTITY/Bridge,1.0
716,QALD2_tr-26,ENTITY/Typecasting_(acting),1.0
717,QALD2_tr-26,ENTITY/Manhattan_Bridge,1.0
718,QALD2_tr-28,ENTITY/Ethnic_groups_in_Europe,1.0
719,QALD2_tr-28,ENTITY/Europe,1.0
720,QALD2_tr-28,ENTITY/Nation,1.0
721,QALD2_tr-28,ENTITY/Constitutional_monarchy,1.0
722,QALD2_tr-29,ENTITY/Nippon_Professional_Baseball,1.0
723,QALD2_tr-29,ENTITY/WikiLeaks,1.0
724,QALD2_tr-29,ENTITY/Microsoft_Windows,1.0
725,QALD2_tr-30,ENTITY/The_State_of_The_USA,1.0
726,QALD2_tr-30,ENTITY/Population_density,1.0
727,QALD2_tr-31,ENTITY/Currency,1.0
728,QALD2_tr-31,ENTITY/Czech_Republic,1.0
729,QALD2_tr-32,ENTITY/Nation,1.0
730,QALD2_tr-32,ENTITY/European_Union,1.0
731,QALD2_tr-32,ENTITY/List_of_resolutions_at_the_sixty-seventh_session_of_the_United_Nations_General_Assembly,1.0
732,QALD2_tr-34,ENTITY/Nation,1.0
733,QALD2_tr-34,ENTITY/Official_bilingualism_in_Canada,1.0
734,QALD2_tr-34,ENTITY/Official_language,1.0
735,QALD2_tr-35,ENTITY/Professional_wrestling_authority_figures,1.0
736,QALD2_tr-35,ENTITY/Universal_Studios_Florida,1.0
737,QALD2_tr-36,ENTITY/Nation,1.0
738,QALD2_tr-36,ENTITY/Yenisei_River,1.0
739,QALD2_tr-36,ENTITY/Streamflow,1.0
740,QALD2_tr-36,ENTITY/Streamflow,1.0
741,QALD2_tr-38,ENTITY/Monarchy_of_the_United_Kingdom,1.0
742,QALD2_tr-38,ENTITY/United_Kingdom,1.0
743,QALD2_tr-38,ENTITY/Same-sex_marriage,1.0
744,QALD2_tr-38,ENTITY/Germany,1.0
745,QALD2_tr-40,ENTITY/Mountain,1.0
746,QALD2_tr-40,ENTITY/Australia,1.0
747,QALD2_tr-41,ENTITY/Association_football,1.0
748,QALD2_tr-41,ENTITY/Football_team,1.0
749,QALD2_tr-41,ENTITY/Spain_national_football_team,1.0
750,QALD2_tr-42,ENTITY/Official_language,1.0
751,QALD2_tr-42,ENTITY/Languages_of_the_Philippines,1.0
752,QALD2_tr-43,ENTITY/Mayor_of_New_York_City,1.0
753,QALD2_tr-44,ENTITY/Brooklyn_Bridge,1.0
754,QALD2_tr-45,ENTITY/Telecommunication,1.0
755,QALD2_tr-45,ENTITY/Organization,1.0
756,QALD2_tr-45,ENTITY/Belgium,1.0
757,QALD2_tr-47,ENTITY/Karakoram,1.0
758,QALD2_tr-49,ENTITY/Company,1.0
759,QALD2_tr-49,ENTITY/Advertising,1.0
760,QALD2_tr-49,ENTITY/Advertising,1.0
761,QALD2_tr-50,ENTITY/Bruce_Carver,1.0
762,QALD2_tr-50,ENTITY/Die_(integrated_circuit),1.0
763,QALD2_tr-51,ENTITY/Shoaling_and_schooling,1.0
764,QALD2_tr-51,ENTITY/Library,1.0
765,QALD2_tr-52,ENTITY/President_of_the_United_States,1.0
766,QALD2_tr-53,ENTITY/President_of_the_United_States,1.0
767,QALD2_tr-53,ENTITY/United_States,1.0
768,QALD2_tr-54,ENTITY/Mary_Todd_Lincoln,1.0
769,QALD2_tr-54,ENTITY/President_of_the_United_States,1.0
770,QALD2_tr-54,ENTITY/Abraham_Lincoln,1.0
771,QALD2_tr-55,ENTITY/Video_game_developer,1.0
772,QALD2_tr-55,ENTITY/Video_game,1.0
773,QALD2_tr-55,ENTITY/Fictional_universe,1.0
774,QALD2_tr-55,ENTITY/World_of_Warcraft,1.0
775,QALD2_tr-57,ENTITY/The_List_(The_Office),1.0
776,QALD2_tr-57,ENTITY/Tanner_'88,1.0
777,QALD2_tr-57,ENTITY/Modern_Family_(season_1),1.0
778,QALD2_tr-57,ENTITY/HBO,1.0
779,QALD2_tr-57,ENTITY/Television_show,1.0
780,QALD2_tr-57,ENTITY/The_Sopranos,1.0
781,QALD2_tr-58,ENTITY/Film_producer,1.0
782,QALD2_tr-58,ENTITY/Film,1.0
783,QALD2_tr-59,ENTITY/People_(magazine),1.0
784,QALD2_tr-59,ENTITY/Given_name,1.0
785,QALD2_tr-59,ENTITY/Jimmy_Carter,1.0
786,QALD2_tr-61,ENTITY/Canadian_Rockies,1.0
787,QALD2_tr-61,ENTITY/Vascular_plant,1.0
788,QALD2_tr-61,ENTITY/Nanga_Parbat,1.0
789,QALD2_tr-62,ENTITY/Wikipedia,1.0
790,QALD2_tr-63,ENTITY/Voice_acting,1.0
791,QALD2_tr-63,ENTITY/Batman_Begins,1.0
792,QALD2_tr-64,ENTITY/Software,1.0
793,QALD2_tr-64,ENTITY/Software_development,1.0
794,QALD2_tr-64,ENTITY/Organization,1.0
795,QALD2_tr-64,ENTITY/California,1.0
796,QALD2_tr-65,ENTITY/Company_(military_unit),1.0
797,QALD2_tr-65,ENTITY/Work_(physics),1.0
798,QALD2_tr-65,ENTITY/Aerospace_engineering,1.0
799,QALD2_tr-65,ENTITY/Oil_well,1.0
800,QALD2_tr-65,ENTITY/Nuclear_reactor,1.0
801,QALD2_tr-65,ENTITY/Nuclear_reactor,1.0
802,QALD2_tr-68,ENTITY/Actor_(policy_debate),1.0
803,QALD2_tr-68,ENTITY/German_Empire,1.0
804,QALD2_tr-69,ENTITY/Cave,1.0
805,QALD2_tr-70,ENTITY/Film_producer,1.0
806,QALD2_tr-70,ENTITY/Hal_Roach,1.0
807,QALD2_tr-71,ENTITY/All_Video_Games_(List),1.0
808,QALD2_tr-71,ENTITY/Video_game,1.0
809,QALD2_tr-71,ENTITY/Video_game_publisher,1.0
810,QALD2_tr-71,ENTITY/Mean_Hamster_Software,1.0
811,QALD2_tr-72,ENTITY/Language,1.0
812,QALD2_tr-72,ENTITY/Speech,1.0
813,QALD2_tr-72,ENTITY/Estonia,1.0
814,QALD2_tr-73,ENTITY/Aldi,1.0
815,QALD2_tr-74,ENTITY/Europe,1.0
816,QALD2_tr-74,ENTITY/Nicolaus_Thomas_Host,1.0
817,QALD2_tr-74,ENTITY/Polis,1.0
818,QALD2_tr-74,ENTITY/Basketball_at_the_Summer_Olympics,1.0
819,QALD2_tr-75,ENTITY/Fifth_Amendment_to_the_United_States_Constitution,1.0
820,QALD2_tr-75,ENTITY/President_of_the_United_States,1.0
821,QALD2_tr-75,ENTITY/President_of_the_United_States,1.0
822,QALD2_tr-75,ENTITY/United_States,1.0
823,QALD2_tr-77,ENTITY/Music,1.0
824,QALD2_tr-77,ENTITY/Album,1.0
825,QALD2_tr-77,ENTITY/Song,1.0
826,QALD2_tr-77,ENTITY/Last_Christmas,1.0
827,QALD2_tr-78,ENTITY/Children's_literature,1.0
828,QALD2_tr-78,ENTITY/Screenplay,1.0
829,QALD2_tr-78,ENTITY/Danielle_Steel,1.0
830,QALD2_tr-79,ENTITY/Airport,1.0
831,QALD2_tr-79,ENTITY/California,1.0
832,QALD2_tr-79,ENTITY/United_States,1.0
833,QALD2_tr-80,ENTITY/Canadians,1.0
834,QALD2_tr-80,ENTITY/Grunge,1.0
835,QALD2_tr-80,ENTITY/Record_label,1.0
836,QALD2_tr-81,ENTITY/Nation_state,1.0
837,QALD2_tr-81,ENTITY/Official_language,1.0
838,QALD2_tr-82,ENTITY/Programming_language,1.0
839,QALD2_tr-82,ENTITY/GIMP,1.0
840,QALD2_tr-82,ENTITY/Writing,1.0
841,QALD2_tr-83,ENTITY/Film_producer,1.0
842,QALD2_tr-83,ENTITY/Harry_Potter_(film_series),1.0
843,QALD2_tr-83,ENTITY/Natalie_Portman,1.0
844,QALD2_tr-84,ENTITY/Pokémon_(anime),1.0
845,QALD2_tr-84,ENTITY/Tom_Cruise,1.0
846,QALD2_tr-85,ENTITY/Harry_Potter_(film_series),1.0
847,QALD2_tr-85,ENTITY/Julia_Roberts,1.0
848,QALD2_tr-85,ENTITY/The_Well_(1951_film),1.0
849,QALD2_tr-85,ENTITY/Richard_Gere,1.0
850,QALD2_tr-85,ENTITY/Play_(theatre),1.0
851,QALD2_tr-86,ENTITY/Single-sex_education,1.0
852,QALD2_tr-86,ENTITY/Germans,1.0
853,QALD2_tr-86,ENTITY/Chancellor,1.0
854,QALD2_tr-87,ENTITY/Musical_theatre,1.0
855,QALD2_tr-87,ENTITY/The_Pillars_of_the_Earth_(miniseries),1.0
856,QALD2_tr-89,ENTITY/Association_football,1.0
857,QALD2_tr-89,ENTITY/Football_team,1.0
858,QALD2_tr-89,ENTITY/Premier_League,1.0
859,QALD2_tr-91,ENTITY/Organization,1.0
860,QALD2_tr-92,ENTITY/Mountain,1.0
861,SemSearch_ES-1,ENTITY/.44_Magnum,1.0
862,SemSearch_ES-1,ENTITY/Hunting,1.0
863,SemSearch_ES-2,ENTITY/B._F._Skinner,1.0
864,SemSearch_ES-3,ENTITY/Artist's_book,1.0
865,SemSearch_ES-4,ENTITY/NAACP_Image_Awards,1.0
866,SemSearch_ES-5,"ENTITY/Scott_County,_Iowa",1.0
867,SemSearch_ES-6,ENTITY/Air_Wisconsin,1.0
868,SemSearch_ES-7,ENTITY/Airsoft,1.0
869,SemSearch_ES-7,ENTITY/Glock,1.0
870,SemSearch_ES-9,ENTITY/United_States,1.0
871,SemSearch_ES-9,ENTITY/United_States,1.0
872,SemSearch_ES-9,ENTITY/Nairobi,1.0
873,SemSearch_ES-10,"ENTITY/Asheville,_North_Carolina",1.0
874,SemSearch_ES-11,ENTITY/Austin_Powers,1.0
875,SemSearch_ES-12,"ENTITY/Austin,_Texas",1.0
876,SemSearch_ES-13,ENTITY/Banana_paper,1.0
877,SemSearch_ES-13,ENTITY/Papermaking,1.0
878,SemSearch_ES-14,ENTITY/Benjamin_Franklin,1.0
879,SemSearch_ES-15,ENTITY/Bradley_Center,1.0
880,SemSearch_ES-16,ENTITY/Brooklyn_Bridge,1.0
881,SemSearch_ES-17,"ENTITY/Butte,_Montana",1.0
882,SemSearch_ES-18,ENTITY/Canasta,1.0
883,SemSearch_ES-18,ENTITY/Playing_card,1.0
884,SemSearch_ES-19,ENTITY/Carl_Lewis,1.0
885,SemSearch_ES-20,"ENTITY/Carolina,_Puerto_Rico",1.0
886,SemSearch_ES-21,ENTITY/Charles_Darwin,1.0
887,SemSearch_ES-22,"ENTITY/Charlotte,_North_Carolina",1.0
888,SemSearch_ES-22,"ENTITY/Charlotte,_North_Carolina",1.0
889,SemSearch_ES-23,"ENTITY/Virginia_Beach,_Virginia",1.0
890,SemSearch_ES-23,"ENTITY/Virginia_Beach,_Virginia",1.0
891,SemSearch_ES-24,ENTITY/Coastal_Carolina_Chanticleers_football,1.0
892,SemSearch_ES-25,ENTITY/David_Suchet,1.0
893,SemSearch_ES-26,ENTITY/Walt_Disney_World,1.0
894,SemSearch_ES-28,ENTITY/El_Salvador,1.0
895,SemSearch_ES-29,ENTITY/New_York_Institute_of_Technology,1.0
896,SemSearch_ES-30,ENTITY/E-Loan,1.0
897,SemSearch_ES-30,ENTITY/Line_of_credit,1.0
898,SemSearch_ES-31,ENTITY/Emery_(band),1.0
899,SemSearch_ES-32,"ENTITY/Fitzgerald,_Georgia",1.0
900,SemSearch_ES-32,ENTITY/Auto_row,1.0
901,SemSearch_ES-32,"ENTITY/Chambersburg,_Pennsylvania",1.0
902,SemSearch_ES-32,"ENTITY/Chambersburg,_Pennsylvania",1.0
903,SemSearch_ES-33,ENTITY/Harry_Potter,1.0
904,SemSearch_ES-34,ENTITY/Harry_Potter_(film_series),1.0
905,SemSearch_ES-34,ENTITY/Harry_Potter_(film_series),1.0
906,SemSearch_ES-36,ENTITY/IMDb,1.0
907,SemSearch_ES-36,ENTITY/Batman_Returns,1.0
908,SemSearch_ES-37,ENTITY/Jack_Johnson_(musician),1.0
909,SemSearch_ES-38,ENTITY/Jack_the_Ripper,1.0
910,SemSearch_ES-39,ENTITY/James_Caldwell_High_School,1.0
911,SemSearch_ES-40,ENTITY/James_Clayton_(engineer),1.0
912,SemSearch_ES-40,ENTITY/Doctor_of_Medicine,1.0
913,SemSearch_ES-41,ENTITY/Joan_of_Arc,1.0
914,SemSearch_ES-42,ENTITY/John_Maxwell_(actor),1.0
915,SemSearch_ES-45,ENTITY/Keith_Urban,1.0
916,SemSearch_ES-47,ENTITY/King_Arthur,1.0
917,SemSearch_ES-49,ENTITY/Laura_Bush,1.0
918,SemSearch_ES-50,ENTITY/Laura_Ingalls_Wilder,1.0
919,SemSearch_ES-50,ENTITY/Bob_Steele_(actor),1.0
920,SemSearch_ES-50,ENTITY/The_Bob_&_Tom_Show,1.0
921,SemSearch_ES-52,ENTITY/Lincoln_Park,1.0
922,SemSearch_ES-53,"ENTITY/Lynchburg,_Virginia",1.0
923,SemSearch_ES-54,ENTITY/Marc_Anthony,1.0
924,SemSearch_ES-56,ENTITY/Mario_Bros.,1.0
925,SemSearch_ES-57,ENTITY/Martin_Luther,1.0
926,SemSearch_ES-57,ENTITY/Martin_Luther_King_Jr.,1.0
927,SemSearch_ES-58,"ENTITY/Mason,_Ohio",1.0
928,SemSearch_ES-59,ENTITY/Mercy_Hospital_(Iowa),1.0
929,SemSearch_ES-59,"ENTITY/Des_Moines,_Iowa",1.0
930,SemSearch_ES-59,"ENTITY/Des_Moines,_Iowa",1.0
931,SemSearch_ES-60,ENTITY/Michael_Douglas,1.0
932,SemSearch_ES-61,ENTITY/Mathematical_Reviews,1.0
933,SemSearch_ES-61,ENTITY/Heather_O'Rourke,1.0
934,SemSearch_ES-61,ENTITY/Fantasy_Island,1.0
935,SemSearch_ES-63,ENTITY/Old_age,1.0
936,SemSearch_ES-63,ENTITY/Shotgun,1.0
937,SemSearch_ES-65,"ENTITY/Orlando,_Florida",1.0
938,SemSearch_ES-66,ENTITY/Overeaters_Anonymous,1.0
939,SemSearch_ES-67,ENTITY/OVGuide,1.0
940,SemSearch_ES-67,ENTITY/Television_film,1.0
941,SemSearch_ES-68,"ENTITY/Pierce_County,_Washington",1.0
942,SemSearch_ES-70,ENTITY/Radio_Italia_Solo_Musica_Italiana,1.0
943,SemSearch_ES-70,ENTITY/Online_and_offline,1.0
944,SemSearch_ES-71,"ENTITY/Richmond,_Virginia",1.0
945,SemSearch_ES-72,ENTITY/WEGR,1.0
946,SemSearch_ES-72,"ENTITY/Memphis,_Tennessee",1.0
947,SemSearch_ES-73,ENTITY/Rowan_University,1.0
948,SemSearch_ES-74,ENTITY/Sacred_Heart,1.0
949,SemSearch_ES-75,ENTITY/Church_service,1.0
950,SemSearch_ES-75,ENTITY/Houston,1.0
951,SemSearch_ES-75,ENTITY/Houston,1.0
952,SemSearch_ES-76,ENTITY/San_Antonio,1.0
953,SemSearch_ES-77,ENTITY/Savannah_Technical_College,1.0
954,SemSearch_ES-78,ENTITY/Sharp_Corporation,1.0
955,SemSearch_ES-78,ENTITY/Personal_computer,1.0
956,SemSearch_ES-79,ENTITY/Shobana,1.0
957,SemSearch_ES-79,ENTITY/Masala_film,1.0
958,SemSearch_ES-80,ENTITY/Sonny_&_Cher,1.0
959,SemSearch_ES-81,ENTITY/South_Dakota_State_University,1.0
960,SemSearch_ES-82,ENTITY/Saint_Lucia,1.0
961,SemSearch_ES-83,ENTITY/St._Paul_Saints,1.0
962,SemSearch_ES-84,ENTITY/The_Dish_(TV_series),1.0
963,SemSearch_ES-84,ENTITY/Danielle_Fishel,1.0
964,SemSearch_ES-85,ENTITY/The_Longest_Yard_(2005_film),1.0
965,SemSearch_ES-85,ENTITY/Garage_sale,1.0
966,SemSearch_ES-86,ENTITY/The_Morning_Call,1.0
967,SemSearch_ES-86,ENTITY/Lehigh_Valley,1.0
968,SemSearch_ES-86,ENTITY/Pennsylvania,1.0
969,SemSearch_ES-88,ENTITY/Thomas_Jefferson,1.0
970,SemSearch_ES-89,ENTITY/University_of_North_Dakota,1.0
971,SemSearch_ES-90,ENTITY/University_of_Phoenix,1.0
972,SemSearch_ES-91,ENTITY/Westminster_Abbey,1.0
973,SemSearch_ES-93,ENTITY/Toyota_Tundra,1.0
974,SemSearch_ES-94,ENTITY/Hugh_Downs,1.0
975,SemSearch_ES-95,ENTITY/Madrid,1.0
976,SemSearch_ES-96,ENTITY/New_England_Coffee,1.0
977,SemSearch_ES-97,ENTITY/The_Pink_Panther_2,1.0
978,SemSearch_ES-98,ENTITY/University_of_Texas_at_Austin,1.0
979,SemSearch_ES-99,ENTITY/University_of_York,1.0
980,SemSearch_ES-100,ENTITY/YMCA,1.0
981,SemSearch_ES-100,"ENTITY/Tampa,_Florida",1.0
982,SemSearch_ES-101,ENTITY/Ashley_Wagner,1.0
983,SemSearch_ES-102,ENTITY/Beach,1.0
984,SemSearch_ES-102,ENTITY/Flower,1.0
985,SemSearch_ES-104,"ENTITY/Bourbonnais,_Illinois",1.0
986,SemSearch_ES-106,ENTITY/Chase_Masterson,1.0
987,SemSearch_ES-107,"ENTITY/Concord,_New_South_Wales",1.0
988,SemSearch_ES-107,ENTITY/Steel,1.0
989,SemSearch_ES-108,ENTITY/Danielia_Cotton,1.0
990,SemSearch_ES-109,ENTITY/David_Hewlett,1.0
991,SemSearch_ES-111,"ENTITY/Eagle_Rock,_Los_Angeles",1.0
992,SemSearch_ES-114,ENTITY/Glenn_Frey,1.0
993,SemSearch_ES-115,ENTITY/Goodwill_Industries,1.0
994,SemSearch_ES-115,ENTITY/Michigan,1.0
995,SemSearch_ES-118,ENTITY/Iowa_Wolves,1.0
996,SemSearch_ES-119,ENTITY/John_Elliott_(actor),1.0
997,SemSearch_ES-120,ENTITY/Saint_Lawrence,1.0
998,SemSearch_ES-120,ENTITY/Hospital,1.0
999,SemSearch_ES-123,ENTITY/Michael_Zimmerman_(biologist),1.0
1000,SemSearch_ES-124,ENTITY/Motorola,1.0
1001,SemSearch_ES-124,ENTITY/Bluetooth,1.0
1002,SemSearch_ES-125,ENTITY/Nokia_E72,1.0
1003,SemSearch_ES-127,ENTITY/Palm_Tungsten,1.0
1004,SemSearch_ES-127,ENTITY/Palm_Tungsten,1.0
1005,SemSearch_ES-127,ENTITY/Handheld_game_console,1.0
1006,SemSearch_ES-128,ENTITY/Philadelphia,1.0
1007,SemSearch_ES-128,ENTITY/Neufchâtel_cheese,1.0
1008,SemSearch_ES-129,ENTITY/Pizza,1.0
1009,SemSearch_ES-129,ENTITY/Populous_(company),1.0
1010,SemSearch_ES-129,ENTITY/Detroit,1.0
1011,SemSearch_ES-129,ENTITY/Detroit,1.0
1012,SemSearch_ES-130,"ENTITY/Plymouth,_Montserrat",1.0
1013,SemSearch_ES-130,ENTITY/Police,1.0
1014,SemSearch_ES-130,ENTITY/Police,1.0
1015,SemSearch_ES-131,ENTITY/San_Diego,1.0
1016,SemSearch_ES-132,ENTITY/Sealy_Corporation,1.0
1017,SemSearch_ES-132,ENTITY/Mattress,1.0
1018,SemSearch_ES-132,ENTITY/Carbon_dioxide,1.0
1019,SemSearch_ES-135,ENTITY/Call_It_Spring,1.0
1020,SemSearch_ES-135,ENTITY/Canada,1.0
1021,SemSearch_ES-136,ENTITY/Sri_Lanka,1.0
1022,SemSearch_ES-136,ENTITY/Sri_Lanka,1.0
1023,SemSearch_ES-136,ENTITY/Royal_Thai_Government_Gazette,1.0
1024,SemSearch_ES-137,ENTITY/Steak,1.0
1025,SemSearch_ES-137,ENTITY/Express_train,1.0
1026,SemSearch_ES-139,ENTITY/The_Big_Texan_Steak_Ranch,1.0
1027,SemSearch_ES-139,ENTITY/The_Big_Texan_Steak_Ranch,1.0
1028,SemSearch_ES-139,ENTITY/House_music,1.0
1029,SemSearch_ES-141,"ENTITY/Ventura_County,_California",1.0
1030,SemSearch_ES-141,ENTITY/County_commission,1.0
1031,SemSearch_LS-1,ENTITY/Apollo_program,1.0
1032,SemSearch_LS-1,ENTITY/Astronaut,1.0
1033,SemSearch_LS-1,ENTITY/Walk-on_(sports),1.0
1034,SemSearch_LS-1,ENTITY/Apollo_11,1.0
1035,SemSearch_LS-1,ENTITY/Moon,1.0
1036,SemSearch_LS-2,ENTITY/Arab_states_of_the_Persian_Gulf,1.0
1037,SemSearch_LS-3,ENTITY/Astronaut,1.0
1038,SemSearch_LS-3,ENTITY/Moon,1.0
1039,SemSearch_LS-4,ENTITY/Axis_powers,1.0
1040,SemSearch_LS-5,ENTITY/Books_of_the_Bible,1.0
1041,SemSearch_LS-5,ENTITY/Development_of_the_Hebrew_Bible_canon,1.0
1042,SemSearch_LS-6,ENTITY/Boroughs_of_New_York_City,1.0
1043,SemSearch_LS-6,ENTITY/New_York_City,1.0
1044,SemSearch_LS-7,ENTITY/Military_branch,1.0
1045,SemSearch_LS-7,ENTITY/United_States_Armed_Forces,1.0
1046,SemSearch_LS-8,ENTITY/Continent,1.0
1047,SemSearch_LS-8,ENTITY/World,1.0
1048,SemSearch_LS-9,ENTITY/Degrees_of_Eastern_Orthodox_monasticism,1.0
1049,SemSearch_LS-10,ENTITY/Nicole_Kidman,1.0
1050,SemSearch_LS-10,ENTITY/Sibling,1.0
1051,SemSearch_LS-11,ENTITY/Anglican_Church_of_South_America,1.0
1052,SemSearch_LS-11,ENTITY/Church_of_Ireland,1.0
1053,SemSearch_LS-12,ENTITY/British_undergraduate_degree_classification,1.0
1054,SemSearch_LS-12,ENTITY/Targeting_(warfare),1.0
1055,SemSearch_LS-12,ENTITY/Nuclear_weapon,1.0
1056,SemSearch_LS-13,ENTITY/Five_Great_Epics,1.0
1057,SemSearch_LS-14,ENTITY/Greek_mythology,1.0
1058,SemSearch_LS-14,ENTITY/Mount_Olympus,1.0
1059,SemSearch_LS-16,ENTITY/Hijackers_in_the_September_11_attacks,1.0
1060,SemSearch_LS-17,ENTITY/Bicameralism,1.0
1061,SemSearch_LS-17,ENTITY/Federal_Assembly_(Russia),1.0
1062,SemSearch_LS-18,ENTITY/John_Lennon,1.0
1063,SemSearch_LS-18,ENTITY/Parent,1.0
1064,SemSearch_LS-19,ENTITY/Kenya_national_cricket_team,1.0
1065,SemSearch_LS-19,ENTITY/Captain_(cricket),1.0
1066,SemSearch_LS-19,ENTITY/Cricket,1.0
1067,SemSearch_LS-20,ENTITY/Kublai_Khan,1.0
1068,SemSearch_LS-20,ENTITY/Sibling,1.0
1069,SemSearch_LS-21,ENTITY/Lilly_Endowment,1.0
1070,SemSearch_LS-21,ENTITY/Woody_Allen,1.0
1071,SemSearch_LS-21,ENTITY/Parents_(magazine),1.0
1072,SemSearch_LS-22,ENTITY/Men's_major_golf_championships,1.0
1073,SemSearch_LS-22,ENTITY/League_(unit),1.0
1074,SemSearch_LS-22,ENTITY/United_States,1.0
1075,SemSearch_LS-24,ENTITY/Matt_Berry,1.0
1076,SemSearch_LS-24,ENTITY/Television_show,1.0
1077,SemSearch_LS-25,ENTITY/The_Members,1.0
1078,SemSearch_LS-25,ENTITY/U2,1.0
1079,SemSearch_LS-26,ENTITY/Film,1.0
1080,SemSearch_LS-26,ENTITY/Erykah_Badu,1.0
1081,SemSearch_LS-29,ENTITY/Nation,1.0
1082,SemSearch_LS-29,ENTITY/Portuguese_language,1.0
1083,SemSearch_LS-29,ENTITY/Official_language,1.0
1084,SemSearch_LS-30,ENTITY/Holy_orders,1.0
1085,SemSearch_LS-30,ENTITY/Hierarchy_of_angels,1.0
1086,SemSearch_LS-31,ENTITY/United_Nations_Security_Council,1.0
1087,SemSearch_LS-32,ENTITY/President_of_the_United_States,1.0
1088,SemSearch_LS-32,ENTITY/Mount_Rushmore,1.0
1089,SemSearch_LS-32,ENTITY/Sandy_Hook_Elementary_School_shooting,1.0
1090,SemSearch_LS-33,ENTITY/Gabon,1.0
1091,SemSearch_LS-33,ENTITY/Insular_area,1.0
1092,SemSearch_LS-33,ENTITY/Canada,1.0
1093,SemSearch_LS-34,ENTITY/Ratt,1.0
1094,SemSearch_LS-34,ENTITY/No_Justice,1.0
1095,SemSearch_LS-35,ENTITY/Socialist_Federal_Republic_of_Yugoslavia,1.0
1096,SemSearch_LS-35,ENTITY/Yugoslavia,1.0
1097,SemSearch_LS-35,ENTITY/Socialist_Federal_Republic_of_Yugoslavia,1.0
1098,SemSearch_LS-36,ENTITY/Cuban_Revolution,1.0
1099,SemSearch_LS-36,ENTITY/1959_in_Cuba,1.0
1100,SemSearch_LS-36,ENTITY/Cuba,1.0
1101,SemSearch_LS-37,ENTITY/Zermelo–Fraenkel_set_theory,1.0
1102,SemSearch_LS-37,ENTITY/Set_theory,1.0
1103,SemSearch_LS-38,ENTITY/U.S._state,1.0
1104,SemSearch_LS-38,ENTITY/Mexico–United_States_border,1.0
1105,SemSearch_LS-38,ENTITY/Oklahoma,1.0
1106,SemSearch_LS-39,ENTITY/10,1.0
1107,SemSearch_LS-39,ENTITY/Ancient_Greek,1.0
1108,SemSearch_LS-39,ENTITY/Polis,1.0
1109,SemSearch_LS-39,ENTITY/City_status_in_the_United_Kingdom,1.0
1110,SemSearch_LS-39,ENTITY/Monarchy,1.0
1111,SemSearch_LS-39,ENTITY/Cyprus,1.0
1112,SemSearch_LS-40,ENTITY/First_Amendment_to_the_United_States_Constitution,1.0
1113,SemSearch_LS-40,ENTITY/United_States,1.0
1114,SemSearch_LS-40,ENTITY/United_States,1.0
1115,SemSearch_LS-41,ENTITY/Companions_of_the_Prophet,1.0
1116,SemSearch_LS-41,ENTITY/Prophets_and_messengers_in_Islam,1.0
1117,SemSearch_LS-42,ENTITY/Israelites,1.0
1118,SemSearch_LS-42,ENTITY/Kingdom_of_Israel_(Samaria),1.0
1119,SemSearch_LS-43,ENTITY/Books_of_the_Bible,1.0
1120,SemSearch_LS-43,ENTITY/Paul_the_Apostle,1.0
1121,SemSearch_LS-43,ENTITY/Writing,1.0
1122,SemSearch_LS-44,ENTITY/Central_Asia,1.0
1123,SemSearch_LS-44,ENTITY/Ditto_mark,1.0
1124,SemSearch_LS-44,ENTITY/Speech,1.0
1125,SemSearch_LS-44,ENTITY/Afghanistan,1.0
1126,SemSearch_LS-46,ENTITY/Monarchy_of_the_United_Kingdom,1.0
1127,SemSearch_LS-46,ENTITY/Head_of_state,1.0
1128,SemSearch_LS-49,ENTITY/Neologism,1.0
1129,SemSearch_LS-49,ENTITY/Python_(programming_language),1.0
1130,SemSearch_LS-50,ENTITY/Miracle,1.0
1131,SemSearch_LS-50,ENTITY/Classical_antiquity,1.0
1132,TREC_Entity-1,ENTITY/Mobile_network_operator,1.0
1133,TREC_Entity-1,ENTITY/BlackBerry,1.0
1134,TREC_Entity-1,ENTITY/Mobile_phone,1.0
1135,TREC_Entity-2,ENTITY/Champion,1.0
1136,TREC_Entity-2,ENTITY/Academy_of_Country_Music_Awards,1.0
1137,TREC_Entity-2,ENTITY/Ember_Moon,1.0
1138,TREC_Entity-2,ENTITY/Award_or_decoration,1.0
1139,TREC_Entity-4,ENTITY/Professional_sports,1.0
1140,TREC_Entity-4,ENTITY/Professional_sports,1.0
1141,TREC_Entity-4,ENTITY/Philadelphia_76ers,1.0
1142,TREC_Entity-5,ENTITY/Product_(chemistry),1.0
1143,TREC_Entity-5,ENTITY/MedImmune,1.0
1144,TREC_Entity-5,ENTITY/MedImmune,1.0
1145,TREC_Entity-6,ENTITY/Organization,1.0
1146,TREC_Entity-6,ENTITY/Award_or_decoration,1.0
1147,TREC_Entity-6,ENTITY/Nobel_Memorial_Prize_in_Economic_Sciences,1.0
1148,TREC_Entity-7,ENTITY/Airline,1.0
1149,TREC_Entity-7,ENTITY/Boeing_747,1.0
1150,TREC_Entity-7,ENTITY/Airplane,1.0
1151,TREC_Entity-9,ENTITY/Member_of_parliament,1.0
1152,TREC_Entity-9,ENTITY/Beaux_Arts_Trio,1.0
1153,TREC_Entity-10,ENTITY/Miami_Dade_College,1.0
1154,TREC_Entity-10,ENTITY/Indiana_University,1.0
1155,TREC_Entity-11,ENTITY/Donation,1.0
1156,TREC_Entity-11,ENTITY/The_Home_Depot,1.0
1157,TREC_Entity-11,ENTITY/Foundation_(nonprofit),1.0
1158,TREC_Entity-12,ENTITY/Airline,1.0
1159,TREC_Entity-12,ENTITY/Air_Canada,1.0
1160,TREC_Entity-12,ENTITY/Codeshare_agreement,1.0
1161,TREC_Entity-12,ENTITY/Airline,1.0
1162,TREC_Entity-14,ENTITY/Author,1.0
1163,TREC_Entity-14,ENTITY/Anthony_Awards,1.0
1164,TREC_Entity-14,ENTITY/Bouchercon,1.0
1165,TREC_Entity-15,ENTITY/University,1.0
1166,TREC_Entity-15,ENTITY/Network_affiliate,1.0
1167,TREC_Entity-15,ENTITY/Southeastern_Conference,1.0
1168,TREC_Entity-15,ENTITY/Southeastern_Conference,1.0
1169,TREC_Entity-15,ENTITY/American_football,1.0
1170,TREC_Entity-16,ENTITY/Sponsor_(commercial),1.0
1171,TREC_Entity-16,ENTITY/Gus_Mancuso,1.0
1172,TREC_Entity-16,ENTITY/Quilt,1.0
1173,TREC_Entity-16,ENTITY/World_music,1.0
1174,TREC_Entity-17,ENTITY/Chefs_(TV_series),1.0
1175,TREC_Entity-17,ENTITY/Television_show,1.0
1176,TREC_Entity-17,ENTITY/Food_Network,1.0
1177,TREC_Entity-18,ENTITY/The_Iron_Maidens,1.0
1178,TREC_Entity-18,ENTITY/The_Band,1.0
1179,TREC_Entity-18,ENTITY/Jefferson_Airplane,1.0
1180,TREC_Entity-19,ENTITY/Corporation,1.0
1181,TREC_Entity-19,ENTITY/John_F._Hennessey,1.0
1182,TREC_Entity-19,ENTITY/Board_of_directors,1.0
1183,TREC_Entity-20,ENTITY/Scotch_whisky,1.0
1184,TREC_Entity-20,ENTITY/Distillation,1.0
1185,TREC_Entity-20,ENTITY/Islay_whisky,1.0
